# config: table_length=21,table_width=34,origin_x=0,origin_y=0
Label,Type,Position x,Position y,Orientation,In Design,Layer,Annotation
O-1,laser,3.5,9.5,0,TRUE,Default,Imaging
O-2,isolator,5.5,9.5,0,TRUE,Default,
O-3,beam sampler,7.5,9.5,135,TRUE,Default,
O-4,mirror,9.5,9.5,135,TRUE,Default,
O-5,aom,10.5,13.5,90,TRUE,Default,Li MOT AOM
O-6,pbs,12.5,11.5,0,TRUE,Default,
O-7,pbs,10.5,3.5,0,TRUE,Default,
O-8,pbs,12.5,3.5,0,TRUE,Default,
O-9,pbs,17,3,0,TRUE,Default,
O-10,pbs,19,15,0,TRUE,Default,
O-11,pbs,16,19.5,0,TRUE,Default,
O-12,pbs,15,21.5,0,TRUE,Default,
O-13,aom,12.5,13,-90,TRUE,Default,Li Rep AOM
O-14,laser,3.5,7,0,TRUE,Default,Reference
O-15,laser,4.5,1.75,0,TRUE,Default,MOT/TA
O-16,mirror,2,1.75,45,TRUE,Default,
O-17,mirror,2,5.5,-45,TRUE,Default,
O-18,mirror,6.5,4.5,45,TRUE,Default,
O-19,mirror,8.5,5.5,135,TRUE,Default,
O-20,mirror,14,3.5,135,TRUE,Default,
O-21,mirror,15.5,3,45,TRUE,Default,
O-22,mirror,19,3,135,TRUE,Default,
O-23,mirror,17,4.5,225,TRUE,Default,
O-24,polarizer,19,5.5,90,TRUE,Default,
O-25,cell,19,9.5,90,TRUE,Default,
O-26,mirror,16.5,6,84.4003139479927,TRUE,Default,
O-27,mirror,17.5,9,260.72502504368975,TRUE,Default,
O-28,mirror,16.5,13.5,-45,TRUE,Default,
O-29,mirror,17.5,15,45,TRUE,Default,
O-30,pd,19,17.5,90,TRUE,Default,
O-31,pd,17.5,17.5,90,TRUE,Default,
O-32,aom,16.5,10.5,270,TRUE,Default,Li Spec AOM
O-33,mirror,15.5,7,225,TRUE,Default,
O-34,mirror,15,11.5,-225,TRUE,Default,
O-35,mirror,8.5,12,225,TRUE,Default,
O-36,mirror,7.5,13.5,225,TRUE,Default,
O-37,mirror,9.5,16.5,225,TRUE,Default,
O-38,mirror,1.5,16.25,45,TRUE,Default,
O-39,mirror,14,19.5,-45,TRUE,Default,
O-40,mirror,2.5,21.25,0,TRUE,Default,
O-41,mirror,10,25,-45,TRUE,Default,
O-42,mirror,9,25.5,-45,FALSE,Default,
O-44,mirror,15,27.5,-45,TRUE,Default,
O-45,mirror,12.75,17.5,270,TRUE,Default,
O-46,mirror,18.5,19.5,-225,TRUE,Default,
O-47,mirror,16,17.5,135,TRUE,Default,
O-49,pbs,7.5,16.5,-90,TRUE,Default,
O-50,pbs,6.5,13.5,0,TRUE,Default,
O-51,pbs,6.5,12,0,TRUE,Default,
O-52,lens,12.525,15.475,-270,TRUE,Default,
O-53,lens,5.5,15,-180,FALSE,Default,
O-54,aom,9,21.5,0,TRUE,Default,Li ZRep AOM
O-55,aom,6,16.5,0,TRUE,Default,Li Img AOM
O-56,shutter,12,25,0,TRUE,Default,Li_MOT_Shutter
O-60,shutter,17,19.5,0,TRUE,Default,Li_Zeeman_Shutter
O-61,isolator,5.5,7,0,TRUE,Default,
O-62,coupler,18.5,22,90,TRUE,Default,
O-63,coupler,17.5,25,0,TRUE,Default,
O-65,coupler,17.5,27.5,0,TRUE,Default,
O-67,coupler,4,13.5,180,TRUE,Default,
O-68,coupler,4,12,-180,TRUE,Default,
O-69,iris,2.5,16.25,0,TRUE,Default,
O-70,iris,12.75,16.3875,270,TRUE,Default,
O-71,fiber,3,12,0,TRUE,Default,MOT Lock
O-72,fiber,3,13.5,0,TRUE,Default,Imaging Lock
O-73,fiber,18.5,23,90,TRUE,Default,Zeeman & ZRep
O-74,fiber,18.5,25,0,TRUE,Default,MOT
O-76,fiber,18.5,27.5,0,TRUE,Default,MOT Repump
O-78,mirror,1.5,18,-45,TRUE,Default,
O-79,mirror,7.5,18,135,TRUE,Default,
O-80,mirror,7.5,15,135,TRUE,Default,
O-81,mirror,4,15,45,TRUE,Default,
O-82,fiber,4,23,90,TRUE,Default,EOM input
O-83,coupler,4,22,90,TRUE,Default,
O-84,eom,6.5,22,0,FALSE,Default,
O-85,fiber,8.5,24,270,TRUE,Default,EOM output
O-86,coupler,8.5,25,-90,TRUE,Default,
O-87,lens,7.5,19,90,TRUE,Default,
O-88,lens,7.5,29.5,-90,TRUE,Default,
O-89,hwp,7.5,19.5,270,TRUE,Default,
O-90,pbs,7.5,31.5,-90,TRUE,Default,
O-91,mirror,7.5,32.5,-45,TRUE,Default,
O-92,shutter,9,32.5,0,TRUE,Default,Li_HImg_Shutter
O-93,hwp,12.5,32.5,0,TRUE,Default,
O-94,shutter,17.5,26,0,FALSE,Default,
O-95,shutter,16,27.5,0,TRUE,Default,Li_Rep_Shutter
O-96,coupler,17,32.5,0,TRUE,Default,
O-97,fiber,18,32.5,0,TRUE,Default,H Imaging
O-98,shutter,11,31.5,0,TRUE,Default,Li_VImg_Shutter
O-99,mirror,13.5,31.5,-135,TRUE,Default,
O-100,shuttermirror,15,27.5,45,FALSE,Default,
O-101,pbs,13.5,29,0,TRUE,Default,
O-102,hwp,17,29,0,TRUE,Default,
O-103,coupler,18.5,29,0,TRUE,Default,
O-104,fiber,19.5,29,0,TRUE,Default,V Imaging
O-105,eom,9.5,26,0,FALSE,Default,
O-106,aom,8.5,27,-90,TRUE,Default,
O-107,mirror,8.5,29,-45,TRUE,Default,
O-108,shutter,10.5,29,0,TRUE,Default,Li_EOM_Shutter
O-109,mirror,12,29,-225,TRUE,Default,
O-110,mirror,12,30.5,-45,TRUE,Default,
O-111,mirror,17.5,30,0,FALSE,Default,
O-112,hwp,15.5,30.5,0,TRUE,Default,
O-113,coupler,17,30.5,0,TRUE,Default,
O-114,fiber,18,30.5,0,TRUE,Default,EOM
O-115,hwp,12.5,14.5,-90,TRUE,Default,
O-116,hwp,15,17,-90,TRUE,Default,
O-117,hwp,11,25,0,TRUE,Default,
O-118,hwp,15,26,-90,TRUE,Default,
O-119,iris,5,21.5,0,TRUE,Default,
O-120,pbs,10,15,0,FALSE,Default,
O-121,hwp,8.5,16.5,0,TRUE,Default,
O-122,mirror,14,1.75,-180,TRUE,Default,
O-123,mirror,7.25,3.5,0,TRUE,Default,
O-124,lens,7,1.75,0,TRUE,Default,
O-125,lens,11,1.75,-180,TRUE,Default,
O-126,hwp,9.75,3.5,0,TRUE,Default,
O-127,hwp,11.5,3.5,0,TRUE,Default,
O-128,pbs,18,20.5,0,FALSE,Default,
O-129,pbs,18.5,20.5,0,TRUE,Default,
O-130,hwp,18.5,21,-90,TRUE,Default,
O-131,mirror,19.5,13.5,-135,TRUE,Default,